<keymap version="1" name="my mac" parent="Default for GNOME">
  <action id="$Copy">
    <keyboard-shortcut first-keystroke="meta c" />
  </action>
  <action id="$Cut">
    <keyboard-shortcut first-keystroke="shift delete" />
    <keyboard-shortcut first-keystroke="meta x" />
  </action>
  <action id="$Delete">
    <keyboard-shortcut first-keystroke="delete" />
  </action>
  <action id="$LRU">
    <keyboard-shortcut first-keystroke="meta alt o" />
  </action>
  <action id="$Paste">
    <keyboard-shortcut first-keystroke="meta v" />
  </action>
  <action id="$Redo">
    <keyboard-shortcut first-keystroke="shift meta z" />
  </action>
  <action id="$SelectAll">
    <keyboard-shortcut first-keystroke="meta a" />
  </action>
  <action id="$Undo">
    <keyboard-shortcut first-keystroke="meta z" />
  </action>
  <action id="ActivateDatabaseConsoleToolWindow">
    <keyboard-shortcut first-keystroke="meta 7" />
  </action>
  <action id="ActivateDatabaseToolWindow">
    <keyboard-shortcut first-keystroke="shift meta d" />
  </action>
  <action id="ActivateDebugToolWindow">
    <keyboard-shortcut first-keystroke="meta 5" />
  </action>
  <action id="ActivateFindToolWindow">
    <keyboard-shortcut first-keystroke="meta 3" />
  </action>
  <action id="ActivateGradleToolWindow">
    <keyboard-shortcut first-keystroke="shift meta g" />
  </action>
  <action id="ActivateHierarchyToolWindow">
    <keyboard-shortcut first-keystroke="meta 8" />
  </action>
  <action id="ActivateMavenProjectsToolWindow">
    <keyboard-shortcut first-keystroke="shift meta m" />
  </action>
  <action id="ActivateMessagesToolWindow">
    <keyboard-shortcut first-keystroke="meta 0" />
  </action>
  <action id="ActivateProjectToolWindow">
    <keyboard-shortcut first-keystroke="meta 1" />
  </action>
  <action id="ActivateRunToolWindow">
    <keyboard-shortcut first-keystroke="meta 4" />
  </action>
  <action id="ActivateStructureToolWindow" />
  <action id="ActivateTODOToolWindow" />
  <action id="ActivateVersionControlToolWindow">
    <keyboard-shortcut first-keystroke="meta 6" />
  </action>
  <action id="AutoIndentLines" />
  <action id="Back">
    <keyboard-shortcut first-keystroke="meta open_bracket" />
  </action>
  <action id="CallHierarchy">
    <keyboard-shortcut first-keystroke="meta alt h" />
  </action>
  <action id="ChangeSignature">
    <keyboard-shortcut first-keystroke="meta f6" />
  </action>
  <action id="ChangeTypeSignature">
    <keyboard-shortcut first-keystroke="shift meta f6" />
  </action>
  <action id="ChangesView.AddUnversioned">
    <keyboard-shortcut first-keystroke="alt a" />
  </action>
  <action id="ChangesView.Commit">
    <keyboard-shortcut first-keystroke="meta k" />
  </action>
  <action id="ChangesView.Revert">
    <keyboard-shortcut first-keystroke="meta alt z" />
  </action>
  <action id="ChangesView.ShelveSilently" />
  <action id="CheckinProject">
    <keyboard-shortcut first-keystroke="meta k" />
  </action>
  <action id="ChooseDebugConfiguration">
    <keyboard-shortcut first-keystroke="shift meta f9" />
  </action>
  <action id="ChooseRunConfiguration">
    <keyboard-shortcut first-keystroke="shift meta f10" />
  </action>
  <action id="CloseActiveTab">
    <keyboard-shortcut first-keystroke="meta w" />
  </action>
  <action id="CloseAllEditorsButActive">
    <keyboard-shortcut first-keystroke="shift meta w" />
  </action>
  <action id="CloseContent">
    <keyboard-shortcut first-keystroke="meta w" />
  </action>
  <action id="CloseProject">
    <keyboard-shortcut first-keystroke="meta alt w" />
  </action>
  <action id="CollapseAll" />
  <action id="CollapseAllRegions">
    <keyboard-shortcut first-keystroke="shift meta minus" />
  </action>
  <action id="CollapseBlock">
    <keyboard-shortcut first-keystroke="shift meta period" />
  </action>
  <action id="CollapseRegion">
    <keyboard-shortcut first-keystroke="meta minus" />
  </action>
  <action id="CollapseRegionRecursively">
    <keyboard-shortcut first-keystroke="meta alt minus" />
  </action>
  <action id="CollapseSelection">
    <keyboard-shortcut first-keystroke="meta period" />
  </action>
  <action id="CommentByBlockComment">
    <keyboard-shortcut first-keystroke="shift meta slash" />
  </action>
  <action id="CommentByLineComment">
    <keyboard-shortcut first-keystroke="meta slash" />
  </action>
  <action id="Compare.SameVersion">
    <keyboard-shortcut first-keystroke="meta alt d" />
  </action>
  <action id="CompareTwoFiles" />
  <action id="Compile" />
  <action id="CompileDirty" />
  <action id="Console.Execute.Multiline">
    <keyboard-shortcut first-keystroke="meta enter" />
  </action>
  <action id="Console.Jpa.GenerateSql">
    <keyboard-shortcut first-keystroke="shift meta enter" />
  </action>
  <action id="Console.Open" />
  <action id="Console.TableResult.CloneColumn" />
  <action id="Console.TableResult.MaximizeEditingCell" />
  <action id="Console.TableResult.SetDefault" />
  <action id="ContextHelp" />
  <action id="CopyPaths">
    <keyboard-shortcut first-keystroke="shift meta c" />
  </action>
  <action id="CopyReference">
    <keyboard-shortcut first-keystroke="shift meta alt c" />
  </action>
  <action id="Debug">
    <keyboard-shortcut first-keystroke="meta f9" />
  </action>
  <action id="Debugger.AddToWatch">
    <keyboard-shortcut first-keystroke="alt w" />
  </action>
  <action id="Diagram.DeselectAll" />
  <action id="Diff.ShowDiff">
    <keyboard-shortcut first-keystroke="meta alt d" />
  </action>
  <action id="Diff.ShowSettingsPopup" />
  <action id="DumpLookupElementWeights" />
  <action id="EditBreakpoint">
    <keyboard-shortcut first-keystroke="shift meta f8" />
  </action>
  <action id="EditSource">
    <keyboard-shortcut first-keystroke="meta enter" />
    <keyboard-shortcut first-keystroke="meta s" />
  </action>
  <action id="Editor Copy">
    <keyboard-shortcut first-keystroke="meta c" />
  </action>
  <action id="Editor Cut">
    <keyboard-shortcut first-keystroke="meta x" />
  </action>
  <action id="Editor Delete">
    <keyboard-shortcut first-keystroke="delete" />
  </action>
  <action id="Editor LRU">
    <keyboard-shortcut first-keystroke="meta alt o" />
  </action>
  <action id="Editor Paste">
    <keyboard-shortcut first-keystroke="meta v" />
  </action>
  <action id="Editor Redo">
    <keyboard-shortcut first-keystroke="shift meta z" />
  </action>
  <action id="Editor SelectAll">
    <keyboard-shortcut first-keystroke="meta a" />
  </action>
  <action id="Editor Undo">
    <keyboard-shortcut first-keystroke="meta z" />
  </action>
  <action id="EditorAddRectangularSelectionOnMouseDrag" />
  <action id="EditorChooseLookupItemCompleteStatement" />
  <action id="EditorChooseLookupItemDot" />
  <action id="EditorCloneCaretAbove">
    <keyboard-shortcut first-keystroke="meta alt up" />
  </action>
  <action id="EditorCloneCaretBelow">
    <keyboard-shortcut first-keystroke="meta alt down" />
  </action>
  <action id="EditorCodeBlockEnd" />
  <action id="EditorCodeBlockEndWithSelection">
    <keyboard-shortcut first-keystroke="shift meta close_bracket" />
  </action>
  <action id="EditorCodeBlockStart" />
  <action id="EditorCodeBlockStartWithSelection">
    <keyboard-shortcut first-keystroke="shift meta open_bracket" />
  </action>
  <action id="EditorCompleteStatement">
    <keyboard-shortcut first-keystroke="shift meta enter" />
  </action>
  <action id="EditorContextInfo" />
  <action id="EditorDeleteLine">
    <keyboard-shortcut first-keystroke="meta back_space" />
  </action>
  <action id="EditorDeleteToWordEnd">
    <keyboard-shortcut first-keystroke="alt delete" />
  </action>
  <action id="EditorDeleteToWordStart">
    <keyboard-shortcut first-keystroke="alt back_space" />
  </action>
  <action id="EditorDuplicate">
    <keyboard-shortcut first-keystroke="meta d" />
  </action>
  <action id="EditorJoinLines">
    <keyboard-shortcut first-keystroke="shift meta j" />
  </action>
  <action id="EditorLineEnd">
    <keyboard-shortcut first-keystroke="meta right" />
  </action>
  <action id="EditorLineEndWithSelection">
    <keyboard-shortcut first-keystroke="shift meta right" />
  </action>
  <action id="EditorLineStart">
    <keyboard-shortcut first-keystroke="meta left" />
  </action>
  <action id="EditorLineStartWithSelection">
    <keyboard-shortcut first-keystroke="shift meta left" />
  </action>
  <action id="EditorLookupDown" />
  <action id="EditorLookupUp" />
  <action id="EditorMoveToPageBottom" />
  <action id="EditorMoveToPageBottomWithSelection" />
  <action id="EditorMoveToPageTop" />
  <action id="EditorMoveToPageTopWithSelection" />
  <action id="EditorNextWord">
    <keyboard-shortcut first-keystroke="alt right" />
  </action>
  <action id="EditorNextWordWithSelection">
    <keyboard-shortcut first-keystroke="shift alt right" />
  </action>
  <action id="EditorPasteSimple">
    <keyboard-shortcut first-keystroke="shift meta alt v" />
  </action>
  <action id="EditorPreviousWord">
    <keyboard-shortcut first-keystroke="alt left" />
  </action>
  <action id="EditorPreviousWordWithSelection">
    <keyboard-shortcut first-keystroke="shift alt left" />
  </action>
  <action id="EditorScrollDown">
    <keyboard-shortcut first-keystroke="alt period" />
  </action>
  <action id="EditorScrollUp">
    <keyboard-shortcut first-keystroke="alt comma" />
  </action>
  <action id="EditorSelectWord">
    <keyboard-shortcut first-keystroke="alt up" />
  </action>
  <action id="EditorSplitLine">
    <keyboard-shortcut first-keystroke="meta enter" />
  </action>
  <action id="EditorStartNewLineBefore" />
  <action id="EditorTextEnd">
    <keyboard-shortcut first-keystroke="end" />
  </action>
  <action id="EditorTextEndWithSelection">
    <keyboard-shortcut first-keystroke="shift end" />
  </action>
  <action id="EditorTextStart">
    <keyboard-shortcut first-keystroke="home" />
  </action>
  <action id="EditorTextStartWithSelection">
    <keyboard-shortcut first-keystroke="shift home" />
  </action>
  <action id="EditorToggleCase">
    <keyboard-shortcut first-keystroke="shift meta u" />
  </action>
  <action id="EditorUnSelectWord">
    <keyboard-shortcut first-keystroke="alt down" />
  </action>
  <action id="EvaluateExpression">
    <keyboard-shortcut first-keystroke="shift meta 8" />
  </action>
  <action id="ExpandAllRegions">
    <keyboard-shortcut first-keystroke="shift meta equals" />
  </action>
  <action id="ExpandRegion">
    <keyboard-shortcut first-keystroke="meta equals" />
  </action>
  <action id="ExpandRegionRecursively">
    <keyboard-shortcut first-keystroke="meta alt equals" />
  </action>
  <action id="ExportToTextFile" />
  <action id="ExpressionTypeInfo">
    <keyboard-shortcut first-keystroke="meta t" />
  </action>
  <action id="ExternalJavaDoc" />
  <action id="ExternalSystem.CollapseAll" />
  <action id="ExtractFunctionToScope" />
  <action id="ExtractMethod">
    <keyboard-shortcut first-keystroke="meta alt m" />
  </action>
  <action id="FileChooser.GotoDesktop" />
  <action id="FileChooser.GotoModule" />
  <action id="FileChooser.GotoProject" />
  <action id="FileChooser.NewFolder">
    <keyboard-shortcut first-keystroke="meta n" />
  </action>
  <action id="FileChooser.TogglePathShowing" />
  <action id="FileStructurePopup">
    <keyboard-shortcut first-keystroke="meta f12" />
  </action>
  <action id="Find">
    <keyboard-shortcut first-keystroke="meta f" />
  </action>
  <action id="FindInPath">
    <keyboard-shortcut first-keystroke="shift meta f" />
  </action>
  <action id="FindNext">
    <keyboard-shortcut first-keystroke="f3" />
  </action>
  <action id="FindPrevious">
    <keyboard-shortcut first-keystroke="shift f3" />
  </action>
  <action id="FindUsages">
    <keyboard-shortcut first-keystroke="shift meta f7" />
  </action>
  <action id="FindUsagesInFile" />
  <action id="FindWordAtCaret">
    <keyboard-shortcut first-keystroke="meta f3" />
  </action>
  <action id="ForceRunToCursor" />
  <action id="ForceStepOver" />
  <action id="Forward">
    <keyboard-shortcut first-keystroke="meta close_bracket" />
  </action>
  <action id="Generate">
    <keyboard-shortcut first-keystroke="meta n" />
  </action>
  <action id="Git.Branches">
    <keyboard-shortcut first-keystroke="alt b" />
  </action>
  <action id="Git.Commit.And.Push.Executor">
    <keyboard-shortcut first-keystroke="alt k" />
  </action>
  <action id="Git.Fetch">
    <keyboard-shortcut first-keystroke="alt f" />
  </action>
  <action id="Git.Pull">
    <keyboard-shortcut first-keystroke="alt p" />
  </action>
  <action id="Git.Rebase">
    <keyboard-shortcut first-keystroke="meta alt r" />
  </action>
  <action id="Git.Rebase.Continue">
    <keyboard-shortcut first-keystroke="alt c" />
  </action>
  <action id="Git.Reset">
    <keyboard-shortcut first-keystroke="alt r" />
  </action>
  <action id="Git.Stash">
    <keyboard-shortcut first-keystroke="meta alt s" />
  </action>
  <action id="Git.Unstash">
    <keyboard-shortcut first-keystroke="meta alt u" />
  </action>
  <action id="GotoAction">
    <keyboard-shortcut first-keystroke="shift meta a" />
  </action>
  <action id="GotoChangedFile" />
  <action id="GotoClass">
    <keyboard-shortcut first-keystroke="meta o" />
  </action>
  <action id="GotoCustomRegion" />
  <action id="GotoDeclaration">
    <keyboard-shortcut first-keystroke="meta b" />
    <mouse-shortcut keystroke="meta button1" />
  </action>
  <action id="GotoFile">
    <keyboard-shortcut first-keystroke="shift meta o" />
  </action>
  <action id="GotoImplementation">
    <keyboard-shortcut first-keystroke="meta alt b" />
  </action>
  <action id="GotoLine">
    <keyboard-shortcut first-keystroke="meta g" />
  </action>
  <action id="GotoRelated" />
  <action id="GotoSuperMethod">
    <keyboard-shortcut first-keystroke="meta u" />
  </action>
  <action id="GotoSymbol" />
  <action id="GotoTest" />
  <action id="GotoTypeDeclaration">
    <keyboard-shortcut first-keystroke="meta alt t" />
  </action>
  <action id="HideActiveWindow">
    <keyboard-shortcut first-keystroke="meta escape" />
  </action>
  <action id="Images.EditExternally" />
  <action id="Images.Editor.ZoomOut" />
  <action id="Images.Thumbnails.ToggleRecursive" />
  <action id="ImplementMethods">
    <keyboard-shortcut first-keystroke="alt i" />
  </action>
  <action id="Inline">
    <keyboard-shortcut first-keystroke="meta i" />
  </action>
  <action id="InsertLiveTemplate" />
  <action id="IntroduceConstant">
    <keyboard-shortcut first-keystroke="meta alt c" />
  </action>
  <action id="IntroduceField">
    <keyboard-shortcut first-keystroke="meta alt f" />
  </action>
  <action id="IntroduceFunctionalParameter" />
  <action id="IntroduceParameter">
    <keyboard-shortcut first-keystroke="meta alt p" />
  </action>
  <action id="IntroduceVariable">
    <keyboard-shortcut first-keystroke="meta alt v" />
  </action>
  <action id="Jdbc.OpenConsole">
    <keyboard-shortcut first-keystroke="shift ctrl alt d" />
    <keyboard-shortcut first-keystroke="enter" />
  </action>
  <action id="Jpa.OpenConsole" />
  <action id="JumpToLastChange">
    <keyboard-shortcut first-keystroke="shift meta back_space" />
  </action>
  <action id="Maven.CollapseAll" />
  <action id="Maven.RunBuild">
    <keyboard-shortcut first-keystroke="enter" />
  </action>
  <action id="MethodDown">
    <keyboard-shortcut first-keystroke="ctrl down" />
  </action>
  <action id="MethodHierarchy">
    <keyboard-shortcut first-keystroke="shift meta h" />
  </action>
  <action id="MethodHierarchy.ImplementMethodAction">
    <keyboard-shortcut first-keystroke="alt i" />
  </action>
  <action id="MethodUp">
    <keyboard-shortcut first-keystroke="ctrl up" />
  </action>
  <action id="MoveLineDown">
    <keyboard-shortcut first-keystroke="shift alt down" />
  </action>
  <action id="MoveLineUp">
    <keyboard-shortcut first-keystroke="shift alt up" />
  </action>
  <action id="MoveStatementDown">
    <keyboard-shortcut first-keystroke="shift meta down" />
  </action>
  <action id="MoveStatementUp">
    <keyboard-shortcut first-keystroke="shift meta up" />
  </action>
  <action id="MoveTabRight">
    <keyboard-shortcut first-keystroke="ctrl meta alt right" />
  </action>
  <action id="NewElement">
    <keyboard-shortcut first-keystroke="meta n" />
  </action>
  <action id="NewElementInMenuGroup">
    <keyboard-shortcut first-keystroke="meta n" />
  </action>
  <action id="NextEditorTab" />
  <action id="NextOccurence" />
  <action id="NextProjectWindow">
    <keyboard-shortcut first-keystroke="ctrl alt close_bracket" />
    <keyboard-shortcut first-keystroke="meta back_quote" />
  </action>
  <action id="NextSplitter">
    <keyboard-shortcut first-keystroke="alt close_bracket" />
  </action>
  <action id="NextTab">
    <keyboard-shortcut first-keystroke="meta alt right" />
  </action>
  <action id="OptimizeImports">
    <keyboard-shortcut first-keystroke="shift meta i" />
  </action>
  <action id="OverrideMethods">
    <keyboard-shortcut first-keystroke="alt o" />
  </action>
  <action id="PackageFile" />
  <action id="ParameterInfo">
    <keyboard-shortcut first-keystroke="meta p" />
  </action>
  <action id="PasteMultiple">
    <keyboard-shortcut first-keystroke="shift meta v" />
  </action>
  <action id="PrevSplitter">
    <keyboard-shortcut first-keystroke="alt open_bracket" />
  </action>
  <action id="PreviousEditorTab" />
  <action id="PreviousOccurence" />
  <action id="PreviousTab">
    <keyboard-shortcut first-keystroke="meta alt left" />
  </action>
  <action id="ProjectViewChangeView" />
  <action id="QuickChangeScheme" />
  <action id="QuickImplementations">
    <keyboard-shortcut first-keystroke="shift f1" />
  </action>
  <action id="QuickJavaDoc">
    <keyboard-shortcut first-keystroke="f1" />
  </action>
  <action id="RecentChangedFiles">
    <keyboard-shortcut first-keystroke="shift meta e" />
  </action>
  <action id="RecentChanges" />
  <action id="RecentFiles">
    <keyboard-shortcut first-keystroke="meta e" />
  </action>
  <action id="RecentProjectListGroup">
    <keyboard-shortcut first-keystroke="shift ctrl alt o" />
  </action>
  <action id="RefactoringMenu">
    <keyboard-shortcut first-keystroke="ctrl t" />
  </action>
  <action id="ReformatCode">
    <keyboard-shortcut first-keystroke="shift meta l" />
  </action>
  <action id="Refresh" />
  <action id="ReopenClosedTab">
    <keyboard-shortcut first-keystroke="shift meta t" />
  </action>
  <action id="Replace">
    <keyboard-shortcut first-keystroke="meta r" />
  </action>
  <action id="ReplaceInPath">
    <keyboard-shortcut first-keystroke="shift meta r" />
  </action>
  <action id="Rerun">
    <keyboard-shortcut first-keystroke="meta r" />
  </action>
  <action id="ResizeToolWindowDown">
    <keyboard-shortcut first-keystroke="shift meta down" />
  </action>
  <action id="ResizeToolWindowLeft">
    <keyboard-shortcut first-keystroke="shift meta left" />
  </action>
  <action id="ResizeToolWindowRight">
    <keyboard-shortcut first-keystroke="shift meta right" />
  </action>
  <action id="ResizeToolWindowUp">
    <keyboard-shortcut first-keystroke="shift meta up" />
  </action>
  <action id="Run">
    <keyboard-shortcut first-keystroke="meta f10" />
  </action>
  <action id="RunClass" />
  <action id="RunTargetAction" />
  <action id="SafeDelete" />
  <action id="Scala.TypeInfo">
    <keyboard-shortcut first-keystroke="meta t" />
  </action>
  <action id="SelectIn">
    <keyboard-shortcut first-keystroke="alt f1" />
    <keyboard-shortcut first-keystroke="shift meta 1" />
  </action>
  <action id="SendEOF" />
  <action id="ShowContent" />
  <action id="ShowErrorDescription" />
  <action id="ShowFilePath" />
  <action id="ShowKotlinExpressionType" />
  <action id="ShowNavBar">
    <keyboard-shortcut first-keystroke="meta up" />
  </action>
  <action id="ShowProjectStructureSettings">
    <keyboard-shortcut first-keystroke="meta semicolon" />
  </action>
  <action id="ShowRecentTests" />
  <action id="ShowReformatFileDialog">
    <keyboard-shortcut first-keystroke="shift meta alt l" />
  </action>
  <action id="ShowSettings">
    <keyboard-shortcut first-keystroke="meta comma" />
  </action>
  <action id="ShowSettingsAndFindUsages">
    <keyboard-shortcut first-keystroke="shift meta alt f7" />
  </action>
  <action id="ShowUmlDiagramPopup" />
  <action id="ShowUsages">
    <keyboard-shortcut first-keystroke="meta f7" />
  </action>
  <action id="Stop">
    <keyboard-shortcut first-keystroke="meta f2" />
  </action>
  <action id="SurroundWith" />
  <action id="SurroundWithLiveTemplate" />
  <action id="SwitchApply">
    <keyboard-shortcut first-keystroke="ctrl alt enter" />
  </action>
  <action id="SwitchDown">
    <keyboard-shortcut first-keystroke="ctrl alt down" />
  </action>
  <action id="SwitchLeft">
    <keyboard-shortcut first-keystroke="ctrl alt left" />
  </action>
  <action id="SwitchRight">
    <keyboard-shortcut first-keystroke="ctrl alt right" />
  </action>
  <action id="SwitchUp">
    <keyboard-shortcut first-keystroke="ctrl alt up" />
  </action>
  <action id="Synchronize">
    <keyboard-shortcut first-keystroke="meta y" />
  </action>
  <action id="ToggleLineBreakpoint">
    <keyboard-shortcut first-keystroke="meta f8" />
  </action>
  <action id="ToggleTemporaryLineBreakpoint" />
  <action id="UML.ShowChanges" />
  <action id="Uml.ShowDiff" />
  <action id="Unsplit">
    <keyboard-shortcut first-keystroke="ctrl meta alt space" />
  </action>
  <action id="Unwrap" />
  <action id="Vcs.Force.Push">
    <keyboard-shortcut first-keystroke="alt f" />
  </action>
  <action id="Vcs.Push">
    <keyboard-shortcut first-keystroke="shift meta k" />
  </action>
  <action id="Vcs.Push.Force">
    <keyboard-shortcut first-keystroke="alt f" />
  </action>
  <action id="Vcs.RollbackChangedLines" />
  <action id="Vcs.Show.Log">
    <keyboard-shortcut first-keystroke="ctrl alt h" />
  </action>
  <action id="Vcs.ShowMessageHistory">
    <keyboard-shortcut first-keystroke="meta m" />
  </action>
  <action id="Vcs.ShowTabbedFileHistory">
    <keyboard-shortcut first-keystroke="alt h" />
  </action>
  <action id="Vcs.UpdateProject">
    <keyboard-shortcut first-keystroke="alt t" />
  </action>
  <action id="VcsHistory.ShowAllAffected">
    <keyboard-shortcut first-keystroke="meta alt a" />
  </action>
  <action id="ViewBreakpoints">
    <keyboard-shortcut first-keystroke="shift meta f8" />
  </action>
  <action id="ViewSource">
    <keyboard-shortcut first-keystroke="alt space" />
  </action>
  <action id="XDebugger.NewWatch">
    <keyboard-shortcut first-keystroke="meta n" />
  </action>
  <action id="XPathView.Actions.FindByExpression" />
  <action id="XPathView.Actions.ShowPath" />
  <action id="javaee.UpdateRunningApplication" />
  <action id="tasks.close" />
</keymap>