<application>
  <component name="BaseRefactoringSettings">
    <option name="SAFE_DELETE_WHEN_DELETE" value="false" />
    <option name="SAFE_DELETE_SEARCH_IN_COMMENTS" value="false" />
    <option name="SAFE_DELETE_SEARCH_IN_NON_JAVA" value="false" />
    <option name="RENAME_SEARCH_IN_COMMENTS_FOR_FILE" value="false" />
    <option name="RENAME_SEARCH_FOR_REFERENCES_FOR_DIRECTORY" value="false" />
    <option name="MOVE_SEARCH_FOR_REFERENCES_FOR_FILE" value="false" />
  </component>
  <component name="RefactoringSettings">
    <option name="renameOverloads" value="false" />
    <option name="RENAME_SEARCH_IN_COMMENTS_FOR_VARIABLE" value="false" />
    <option name="RENAME_SEARCH_FOR_TEXT_FOR_VARIABLE" value="false" />
    <option name="INTRODUCE_PARAMETER_REPLACE_FIELDS_WITH_GETTERS" value="1" />
    <option name="INTRODUCE_FIELD_VISIBILITY" value="private" />
    <option name="INLINE_FIELD_THIS" value="true" />
    <option name="INTRODUCE_CONSTANT_VISIBILITY" value="private" />
    <option name="INTRODUCE_LOCAL_CREATE_FINALS" value="false" />
    <option name="INTRODUCE_PARAMETER_CREATE_FINALS" value="false" />
    <option name="INTRODUCE_CONSTANT_REPLACE_ALL" value="true" />
    <option name="RENAME_TESTS" value="false" />
    <option name="RENAME_OVERLOADS" value="false" />
  </component>
</application>