<application>
  <component name="FileTypeManager" version="18">
    <extensionMap>
      <mapping ext="rollback" type="DBN-SQL" />
      <mapping ext="sql_diff" type="DBN-SQL" />
      <mapping pattern="shippingType" type="JavaScript" />
      <mapping ext="space.kts" type="Kotlin" />
      <mapping ext="gradle.kts" type="Kotlin" />
      <mapping ext="main.kts" type="Kotlin" />
      <mapping pattern="password" type="PLAIN_TEXT" />
      <mapping pattern="file" type="PLAIN_TEXT" />
      <mapping pattern="username" type="PLAIN_TEXT" />
      <mapping ext="security" type="PLAIN_TEXT" />
      <mapping ext="tfstate-2" type="PLAIN_TEXT" />
      <mapping ext="mssql" type="SQL" />
      <removed_mapping ext="bat" approved="true" type="PLAIN_TEXT" />
      <removed_mapping ext="cmd" approved="true" type="PLAIN_TEXT" />
      <removed_mapping ext="dockerfile" approved="true" type="textmate" />
      <removed_mapping ext="makefile" approved="true" type="textmate" />
      <removed_mapping ext="snakefile" approved="true" type="textmate" />
      <mapping ext="mssql" type="SQL" />
      <mapping pattern="Dockerfile-*" type="Dockerfile" />
      <mapping pattern="gradlew" type="Bash" />
      <mapping pattern="shippingType" type="JavaScript" />
    </extensionMap>
  </component>
</application>