<application>
  <component name="FindSettings">
    <option name="customScope" value="Project Files" />
    <option name="defaultScopeName" value="Project Files" />
    <option name="SEARCH_SCOPE" value="Project Files" />
    <mask>*.js</mask>
    <mask>*.as</mask>
    <mask>*.mxml</mask>
    <mask>*.yml</mask>
    <mask>*.jsx</mask>
    <mask>build*.kt</mask>
    <mask>build*.kts</mask>
    <mask>*.tf</mask>
    <mask>*.kts</mask>
    <mask>*.kt</mask>
    <mask>*.json</mask>
    <mask>*.go</mask>
    <mask>*.ts</mask>
    <mask>*.yaml</mask>
    <mask>*.css</mask>
    <mask>*.html</mask>
    <mask>*.xml</mask>
    <mask>*.jsp</mask>
    <mask>*.properties</mask>
    <mask>*.java</mask>
  </component>
</application>