<application>
  <component name="GraziConfig">
    <option name="enabledLanguages">
      <set>
        <option value="English (US)" />
        <option value="German (Germany)" />
      </set>
    </option>
    <option name="userDisabledRules">
      <set>
        <option value="LanguageTool.EN.WANNA" />
      </set>
    </option>
    <option name="suppressingContext">
      <SuppressingContext>
        <option name="suppressed">
          <set>
            <option value="OAuth configuration" />
            <option value="They lint" />
          </set>
        </option>
      </SuppressingContext>
    </option>
  </component>
</application>