<application>
  <component name="LanguageInjectionConfiguration">
    <option name="INSTRUMENTATION" value="ASSERT" />
    <option name="LANGUAGE_ANNOTATION" value="org.intellij.lang.annotations.Language" />
    <option name="PATTERN_ANNOTATION" value="org.intellij.lang.annotations.Pattern" />
    <option name="SUBST_ANNOTATION" value="org.intellij.lang.annotations.Subst" />
    <option name="RESOLVE_REFERENCES" value="true" />
    <injection language="PostgreSQL" injector-id="java">
      <display-name>Query (org.springframework.data.jpa.repository)</display-name>
      <place><![CDATA[psiMethod().withName("countQuery").withParameters().definedInClass("org.springframework.data.jpa.repository.Query")]]></place>
      <place><![CDATA[psiMethod().withName("value").withParameters().definedInClass("org.springframework.data.jpa.repository.Query")]]></place>
    </injection>
  </component>
</application>