<application>
  <component name="ParameterNameHintsSettings">
    <blacklists>
      <blacklist language="Java">
        <added pattern="org.hamcrest.Matchers.*" />
        <added pattern="io.restassured.specification.RequestSenderOptions.get(path,pathParams)" />
      </blacklist>
    </blacklists>
    <disabledLanguages>
      <language id="JAVA" />
      <language id="TypeScript" />
      <language id="JavaScript" />
      <language id="kotlin" />
      <language id="go" />
      <language id="Groovy" />
      <language id="SQL" />
    </disabledLanguages>
  </component>
</application>